,trees,learning_rate,r2,MSE,RMSE,MAE
0,300,0.001,0.76751,0.10845,0.32932,0.20847
1,500,0.001,0.7682,0.10813,0.32883,0.20756
2,800,0.001,0.76813,0.10817,0.32888,0.20815
3,300,0.002,0.76894,0.10779,0.32831,0.20783
4,500,0.002,0.76799,0.10823,0.32898,0.20947
5,100,0.003,0.76822,0.10812,0.32882,0.20725
6,300,0.003,0.76759,0.10842,0.32927,0.20959
7,100,0.005,0.7696,0.10748,0.32784,0.20688
